1_engine,2_machinery-impact,3_non-machinery-impact,4_powered-saw,5_alert-signal,6_music,7_human-voice,8_dog,frame_number
0.27387834,0.10594576,0.021810664,0.00397187,0.04326694,0.011764231,0.0581642,0.008531874,1
0.30271083,0.09913894,0.021250859,0.0039584837,0.036738303,0.015403067,0.07483637,0.0070587266,2
0.3233414,0.11473691,0.019937688,0.0050406433,0.03268912,0.00978517,0.056788664,0.009306336,3
0.31480548,0.12237221,0.022228107,0.005721364,0.029738802,0.012315621,0.06086139,0.007672312,4
0.36353943,0.24029064,0.05176672,0.009411651,0.02933707,0.011662795,0.07095105,0.0069052535,5
0.2362965,0.31288,0.08554849,0.009520219,0.1255097,0.01873326,0.046294186,0.0023889644,6
0.2511335,0.23643532,0.03443645,0.011424433,0.124821186,0.008950656,0.0373255,0.0054276763,7
